"Letter","Title","Notes","email","password ","options ","contactInfo ","firstName ","lastName ","picture","emails","loginEmail","phones","labels","language","customFields"
"A","Alfa","seton","qiqgroup+angela@gmail.com","test","snoitpo","contactInfo ","Angela","Alfa","erutcip","sliame","qiqgroup+angela@gmail.com","senohp","slebal","en","sdleifmotsuc"
"B","Bravo","seton","qiqgroup+brad@gmail.com","test","snoitpo","contactInfo ","Brad","Bravo","erutcip","sliame","qiqgroup+brad@gmail.com","senohp","slebal","en","sdleifmotsuc"
"C","Charlie","seton","qiqgroup+charlie@gmail.com","test","snoitpo","contactInfo ","Charlie","Cooper","erutcip","sliame","qiqgroup+charlie@gmail.com","senohp","slebal","en","sdleifmotsuc"
"D","Delta","seton","qiqgroup+della@gmail.com","test","snoitpo","contactInfo ","Della","Delta","erutcip","sliame","qiqgroup+della@gmail.com","senohp","slebal","en","sdleifmotsuc"
"E","Echo","seton","qiqgroup+edward@gmail.com","test","snoitpo","contactInfo ","Edward","Echo","erutcip","sliame","qiqgroup+edward@gmail.com","senohp","slebal","en","sdleifmotsuc"
"F","Foxtrot","seton","qiqgroup+fiona@gmail.com","test","snoitpo","contactInfo ","Fiona","Foxtrot","erutcip","sliame","qiqgroup+fiona@gmail.com","senohp","slebal","en","sdleifmotsuc"
"G","Golf","seton","qiqgroup+george@gmail.com","test","snoitpo","contactInfo ","George","Golf","erutcip","sliame","qiqgroup+george@gmail.com","senohp","slebal","en","sdleifmotsuc"
"H","Hotel","seton","qiqgroup+hilda@gmail.com","test","snoitpo","contactInfo ","Hilda","Hotel","erutcip","sliame","qiqgroup+hilda@gmail.com","senohp","slebal","en","sdleifmotsuc"
"I","India","seton","qiqgroup+isaac@gmail.com","test","snoitpo","contactInfo ","Isaac","India","erutcip","sliame","qiqgroup+isaac@gmail.com","senohp","slebal","en","sdleifmotsuc"
"J","Juliett","seton","qiqgroup+juliett@gmail.com","test","snoitpo","contactInfo ","Juliett","Jones","erutcip","sliame","qiqgroup+juliett@gmail.com","senohp","slebal","en","sdleifmotsuc"
"K","Kilo","seton","qiqgroup+kevin@gmail.com","test","snoitpo","contactInfo ","Kevin","Kilo","erutcip","sliame","qiqgroup+kevin@gmail.com","senohp","slebal","en","sdleifmotsuc"
"L","Lima","seton","qiqgroup+lora@gmail.com","test","snoitpo","contactInfo ","Lora","Lima","erutcip","sliame","qiqgroup+lora@gmail.com","senohp","slebal","en","sdleifmotsuc"
"M","Mike","seton","qiqgroup+mike@gmail.com","test","snoitpo","contactInfo ","Mike","Mitchell","erutcip","sliame","qiqgroup+mike@gmail.com","senohp","slebal","en","sdleifmotsuc"
"N","November","seton","qiqgroup+nathan@gmail.com","test","snoitpo","contactInfo ","Nathan","November","erutcip","sliame","qiqgroup+nathan@gmail.com","senohp","slebal","en","sdleifmotsuc"
"O","Oscar","seton","qiqgroup+oscar@gmail.com","test","snoitpo","contactInfo ","Oscar","Ortega","erutcip","sliame","qiqgroup+oscar@gmail.com","senohp","slebal","en","sdleifmotsuc"
"P","Papa","seton","qiqgroup+peggy@gmail.com","test","snoitpo","contactInfo ","Peggy","Papa","erutcip","sliame","qiqgroup+peggy@gmail.com","senohp","slebal","en","sdleifmotsuc"
"Q","Quebec","seton","qiqgroup+quentin@gmail.com","test","snoitpo","contactInfo ","Quentin","Quebec","erutcip","sliame","qiqgroup+quentin@gmail.com","senohp","slebal","en","sdleifmotsuc"
"R","Romeo","seton","qiqgroup+romeo@gmail.com","test","snoitpo","contactInfo ","Romeo","Robinson","erutcip","sliame","qiqgroup+romeo@gmail.com","senohp","slebal","en","sdleifmotsuc"
"S","Sierra","seton","qiqgroup+sarah@gmail.com","test","snoitpo","contactInfo ","Sarah","Sierra","erutcip","sliame","qiqgroup+sarah@gmail.com","senohp","slebal","en","sdleifmotsuc"
"T","Tango","seton","qiqgroup+tom@gmail.com","test","snoitpo","contactInfo ","Tom","Tango","erutcip","sliame","qiqgroup+tom@gmail.com","senohp","slebal","en","sdleifmotsuc"
"U","Uniform","seton","qiqgroup+ulysses@gmail.com","test","snoitpo","contactInfo ","Ulysses","Uniform","erutcip","sliame","qiqgroup+ulysses@gmail.com","senohp","slebal","en","sdleifmotsuc"
"V","Victor","seton","qiqgroup+victor@gmail.com","test","snoitpo","contactInfo ","Victor","Veracruz","erutcip","sliame","qiqgroup+victor@gmail.com","senohp","slebal","en","sdleifmotsuc"
"W","Whiskey","seton","qiqgroup+wendy@gmail.com","test","snoitpo","contactInfo ","Wendy","Whiskey","erutcip","sliame","qiqgroup+wendy@gmail.com","senohp","slebal","en","sdleifmotsuc"
"X","X-ray","seton","qiqgroup+xavier@gmail.com","test","snoitpo","contactInfo ","Xavier","X-ray","erutcip","sliame","qiqgroup+xavier@gmail.com","senohp","slebal","en","sdleifmotsuc"
"Y","Yankee","seton","qiqgroup+yuri@gmail.com","test","snoitpo","contactInfo ","Yuri","Yankee","erutcip","sliame","qiqgroup+yuri@gmail.com","senohp","slebal","en","sdleifmotsuc"
"Z","Zulu","seton","qiqgroup+zane@gmail.com","test","snoitpo","contactInfo ","Zane","Zulu","erutcip","sliame","qiqgroup+zane@gmail.com","senohp","slebal","en","sdleifmotsuc"